{"modules":[{"name":"code","compiled":true}],"scores":[{"difficulty":"simple","function":"BMImain","module":"code","className":"BMITests","testCase":"testAufgabe2BerechnungRichtig","passed":true,"pointsPossible":1,"pointsEarned":1,"description":"testAufgabe2BerechnungRichtig","explanation":"testAufgabe2BerechnungRichtig passed","type":"test"},{"difficulty":"simple","function":"BMImain","module":"code","className":"BMITests","testCase":"testAufgabe2AusgabeRichtig","passed":true,"pointsPossible":2,"pointsEarned":2,"description":"testAufgabe2AusgabeRichtig","explanation":"testAufgabe2AusgabeRichtig passed","type":"test"},{"difficulty":"simple","function":"Welcome.main","module":"code","className":"SquaresTest","testCase":"testOutputImageTheSame","passed":true,"pointsPossible":4,"pointsEarned":4,"description":"testOutputImageTheSame","explanation":"testOutputImageTheSame passed","type":"test"},{"difficulty":"simple","function":"Welcome.main","module":"code","className":"WelcomeTests","testCase":"testAufgabe1EndetMitAusrufezeichen","passed":true,"pointsPossible":1,"pointsEarned":1,"description":"testAufgabe1EndetMitAusrufezeichen","explanation":"testAufgabe1EndetMitAusrufezeichen passed","type":"test"},{"difficulty":"simple","function":"Welcome.main","module":"code","className":"WelcomeTests","testCase":"testAufgabe1EnthaeltHalloUndName","passed":true,"pointsPossible":1,"pointsEarned":1,"description":"testAufgabe1EnthaeltHalloUndName","explanation":"testAufgabe1EnthaeltHalloUndName passed","type":"test"},{"difficulty":"simple","function":"Welcome.main","module":"code","className":"WelcomeTests","testCase":"testAufgabe1AufrufOk","passed":true,"pointsPossible":1,"pointsEarned":1,"description":"testAufgabe1AufrufOk","explanation":"testAufgabe1AufrufOk passed","type":"test"},{"ran":true,"passed":true,"explanation":"No checkstyle errors were reported","description":"checkstyle","pointsEarned":1,"pointsPossible":1,"type":"checkstyle"}],"pointsEarned":11,"pointsPossible":11,"assignment":"HS2019.Blatt-1","contributors":["vorname1.nachname1@stud.unibas.ch","vorname2.nachname2@stud.unibas.ch"],"output":":test\r\n\r\nBMITests > testAufgabe2BerechnungRichtig PASSED\r\n\r\nBMITests > testAufgabe2AusgabeRichtig PASSED\r\n\r\nSquaresTest > testOutputImageTheSame STANDARD_OUT\r\n    1\r\n    c:\\Users\\luetma00\\tmp\\square.png\r\n\r\nSquaresTest > testOutputImageTheSame PASSED\r\n\r\nWelcomeTests > testAufgabe1EndetMitAusrufezeichen PASSED\r\n\r\nWelcomeTests > testAufgabe1EnthaeltHalloUndName PASSED\r\n\r\nWelcomeTests > testAufgabe1AufrufOk STANDARD_OUT\r\n    Hallo Spock!\r\n\r\nWelcomeTests > testAufgabe1AufrufOk PASSED\r\n"}