{"modules":[{"name":"code","compiled":true}],"scores":[{"difficulty":"simple","function":"testRemoveFirst","module":"code","className":"list.LinkedListTests","testCase":"testRemoveFirst","passed":true,"pointsPossible":1,"pointsEarned":1,"description":"testRemoveFirst","explanation":"testRemoveFirst passed","type":"test"},{"difficulty":"simple","function":"testRemoveAll","module":"code","className":"list.LinkedListTests","testCase":"testRemoveAll","passed":true,"pointsPossible":1,"pointsEarned":1,"description":"testRemoveAll","explanation":"testRemoveAll passed","type":"test"},{"ran":true,"passed":true,"explanation":"No checkstyle errors were reported","description":"checkstyle","pointsEarned":1,"pointsPossible":1,"type":"checkstyle"}],"pointsEarned":3,"pointsPossible":3,"assignment":"HS2019.Blatt-7","contributors":["vorname1.nachname1@stud.unibas.ch","vorname2.nachname2@stud.unibas.ch"],"output":":test\r\n\r\nlist.LinkedListTests > testRemoveFirst PASSED\r\n\r\nlist.LinkedListTests > testRemoveAll PASSED\r\n"}