{"modules":[{"name":"code","compiled":true}],"scores":[{"difficulty":"simple","function":"BubbleSortTest1","module":"code","className":"BubbleSortTests","testCase":"testSwap","passed":true,"pointsPossible":1,"pointsEarned":1,"description":"testSwap","explanation":"testSwap passed","type":"test"},{"difficulty":"simple","function":"BubbleSortTest2","module":"code","className":"BubbleSortTests","testCase":"sortsDifferentlySortedSequences","passed":true,"pointsPossible":1,"pointsEarned":1,"description":"sortsDifferentlySortedSequences","explanation":"sortsDifferentlySortedSequences passed","type":"test"},{"difficulty":"simple","function":"BubbleSortTest2","module":"code","className":"BubbleSortTests","testCase":"sortEdgeCases","passed":true,"pointsPossible":1,"pointsEarned":1,"description":"sortEdgeCases","explanation":"sortEdgeCases passed","type":"test"},{"difficulty":"simple","function":"transposeTests","module":"code","className":"MatrixTests","testCase":"transposeTestsRegularCases","passed":true,"pointsPossible":1,"pointsEarned":1,"description":"transposeTestsRegularCases","explanation":"transposeTestsRegularCases passed","type":"test"},{"difficulty":"simple","function":"transposeTestMatrixPreserved","module":"code","className":"MatrixTests","testCase":"testMatrixIsPreserved","passed":true,"pointsPossible":1,"pointsEarned":1,"description":"testMatrixIsPreserved","explanation":"testMatrixIsPreserved passed","type":"test"},{"difficulty":"simple","function":"TurtlePixelGraphicsTestsCircleEquation","module":"code","className":"TurtlePixelGraphicsTests","testCase":"testCircleEquation","passed":true,"pointsPossible":1,"pointsEarned":1,"description":"testCircleEquation","explanation":"testCircleEquation passed","type":"test"},{"difficulty":"simple","function":"TurtlePixelGraphicsTestsCircleImage","module":"code","className":"TurtlePixelGraphicsTests","testCase":"testCircleImage","passed":true,"pointsPossible":2,"pointsEarned":2,"description":"testCircleImage","explanation":"testCircleImage passed","type":"test"},{"difficulty":"simple","function":"TurtlePixelGraphicsTestsDrawImage","module":"code","className":"TurtlePixelGraphicsTests","testCase":"testDrawImage","passed":true,"pointsPossible":2,"pointsEarned":2,"description":"testDrawImage","explanation":"testDrawImage passed","type":"test"},{"ran":true,"passed":true,"explanation":"No checkstyle errors were reported","description":"checkstyle","pointsEarned":1,"pointsPossible":1,"type":"checkstyle"}],"pointsEarned":11,"pointsPossible":11,"assignment":"HS2019.Blatt-3","contributors":["vorname1.nachname1@stud.unibas.ch","vorname2.nachname2@stud.unibas.ch"],"output":":test\r\n\r\nBubbleSortTests > testSwap PASSED\r\n\r\nBubbleSortTests > sortsDifferentlySortedSequences PASSED\r\n\r\nBubbleSortTests > sortEdgeCases PASSED\r\n\r\nMatrixTests > transposeTestsRegularCases PASSED\r\n\r\nMatrixTests > testMatrixIsPreserved PASSED\r\n\r\nTurtlePixelGraphicsTests > testCircleEquation PASSED\r\n\r\nTurtlePixelGraphicsTests > testCircleImage PASSED\r\n\r\nTurtlePixelGraphicsTests > testDrawImage PASSED\r\n"}