{"modules":[{"name":"code","compiled":true}],"scores":[{"difficulty":"simple","function":"CrosssumCorrectNegative","module":"code","className":"CrosssumTest","testCase":"testCrosssumCorrectNegativeAndZero","passed":true,"pointsPossible":1,"pointsEarned":1,"description":"testCrosssumCorrectNegativeAndZero","explanation":"testCrosssumCorrectNegativeAndZero passed","type":"test"},{"difficulty":"simple","function":"CrosssumCorrectPositive","module":"code","className":"CrosssumTest","testCase":"testCrosssumCorrectPositive","passed":true,"pointsPossible":1,"pointsEarned":1,"description":"testCrosssumCorrectPositive","explanation":"testCrosssumCorrectPositive passed","type":"test"},{"difficulty":"simple","function":"cubicRootOkay","module":"code","className":"CubicRootTest","testCase":"testCubicRootZero","passed":true,"pointsPossible":1,"pointsEarned":1,"description":"testCubicRootZero","explanation":"testCubicRootZero passed","type":"test"},{"difficulty":"simple","function":"cubicRootOkay","module":"code","className":"CubicRootTest","testCase":"testCubicRootPositiveInstances","passed":true,"pointsPossible":3,"pointsEarned":3,"description":"testCubicRootPositiveInstances","explanation":"testCubicRootPositiveInstances passed","type":"test"},{"ran":true,"passed":true,"explanation":"No checkstyle errors were reported","description":"checkstyle","pointsEarned":1,"pointsPossible":1,"type":"checkstyle"}],"pointsEarned":7,"pointsPossible":7,"assignment":"HS2019.Blatt-2","contributors":["vorname1.nachname1@stud.unibas.ch","vorname2.nachname2@stud.unibas.ch"],"output":":test\r\n\r\nCrosssumTest > testCrosssumCorrectNegativeAndZero PASSED\r\n\r\nCrosssumTest > testCrosssumCorrectPositive PASSED\r\n\r\nCubicRootTest > testCubicRootZero PASSED\r\n\r\nCubicRootTest > testCubicRootPositiveInstances PASSED\r\n"}