{"modules":[{"name":"code","compiled":true}],"scores":[{"difficulty":"simple","function":"findsCorrectMaxValue","module":"code","className":"HistogramTests","testCase":"testFindsCorrectMax","passed":true,"pointsPossible":1,"pointsEarned":1,"description":"testFindsCorrectMax","explanation":"testFindsCorrectMax passed","type":"test"},{"difficulty":"simple","function":"findsCorrectMinValue","module":"code","className":"HistogramTests","testCase":"testFindsCorrectMinMax","passed":true,"pointsPossible":1,"pointsEarned":1,"description":"testFindsCorrectMinMax","explanation":"testFindsCorrectMinMax passed","type":"test"},{"difficulty":"simple","function":"histogramRetainsValues","module":"code","className":"HistogramTests","testCase":"testHistogramRetainsValues","passed":true,"pointsPossible":0,"pointsEarned":0,"description":"testHistogramRetainsValues","explanation":"testHistogramRetainsValues passed","type":"test"},{"difficulty":"simple","function":"findsCorrectNumberOfEntriesPerBin","module":"code","className":"HistogramTests","testCase":"testFindsCorrectNumberOfEntriesPerBin","passed":true,"pointsPossible":2,"pointsEarned":2,"description":"testFindsCorrectNumberOfEntriesPerBin","explanation":"testFindsCorrectNumberOfEntriesPerBin passed","type":"test"},{"difficulty":"simple","function":"ComputesCorrectBinSize","module":"code","className":"HistogramTests","testCase":"testComputesCorrectBinSize","passed":true,"pointsPossible":1,"pointsEarned":1,"description":"testComputesCorrectBinSize","explanation":"testComputesCorrectBinSize passed","type":"test"},{"difficulty":"simple","function":"pointRetainsCoordinates","module":"code","className":"PointTests","testCase":"testPointRetainsCoordinates","passed":true,"pointsPossible":1,"pointsEarned":1,"description":"testPointRetainsCoordinates","explanation":"testPointRetainsCoordinates passed","type":"test"},{"ran":true,"passed":false,"explanation":"checkstyle found style issues","description":"checkstyle","pointsEarned":0,"pointsPossible":1,"type":"checkstyle"}],"pointsEarned":6,"pointsPossible":7,"assignment":"HS2019.Blatt-4","contributors":["vorname1.nachname1@stud.unibas.ch","vorname2.nachname2@stud.unibas.ch"],"output":":relentlessCheckstyle\r\n[ant:checkstyle] [ERROR] C:\\Users\\luetma00\\workspaces\\teaching\\programmieren\\egp\\exercises\\uebung5\\code\\src\\main\\java\\Histogram.java:4:14: Variable 'data' must be private and have accessor methods. [VisibilityModifier]\r\n[ant:checkstyle] [ERROR] C:\\Users\\luetma00\\workspaces\\teaching\\programmieren\\egp\\exercises\\uebung5\\code\\src\\main\\java\\Histogram.java:5:9: Variable 'numberOfBins' must be private and have accessor methods. [VisibilityModifier]\r\n[ant:checkstyle] [ERROR] C:\\Users\\luetma00\\workspaces\\teaching\\programmieren\\egp\\exercises\\uebung5\\code\\src\\main\\java\\Histogram.java:13:24: 'data' hides a field. [HiddenField]\r\n[ant:checkstyle] [ERROR] C:\\Users\\luetma00\\workspaces\\teaching\\programmieren\\egp\\exercises\\uebung5\\code\\src\\main\\java\\Histogram.java:13:34: 'numberOfBins' hides a field. [HiddenField]\r\n[ant:checkstyle] [ERROR] C:\\Users\\luetma00\\workspaces\\teaching\\programmieren\\egp\\exercises\\uebung5\\code\\src\\main\\java\\Histogram.java:34: Line is longer than 90 characters (found 91). [LineLength]\r\n[ant:checkstyle] [ERROR] C:\\Users\\luetma00\\workspaces\\teaching\\programmieren\\egp\\exercises\\uebung5\\code\\src\\main\\java\\Histogram.java:46: Line is longer than 90 characters (found 94). [LineLength]\r\n[ant:checkstyle] [ERROR] C:\\Users\\luetma00\\workspaces\\teaching\\programmieren\\egp\\exercises\\uebung5\\code\\src\\main\\java\\Point.java:4:12: Variable 'x' must be private and have accessor methods. [VisibilityModifier]\r\n[ant:checkstyle] [ERROR] C:\\Users\\luetma00\\workspaces\\teaching\\programmieren\\egp\\exercises\\uebung5\\code\\src\\main\\java\\Point.java:5:12: Variable 'y' must be private and have accessor methods. [VisibilityModifier]\r\n[ant:checkstyle] [ERROR] C:\\Users\\luetma00\\workspaces\\teaching\\programmieren\\egp\\exercises\\uebung5\\code\\src\\main\\java\\Point.java:10:18: 'x' hides a field. [HiddenField]\r\n[ant:checkstyle] [ERROR] C:\\Users\\luetma00\\workspaces\\teaching\\programmieren\\egp\\exercises\\uebung5\\code\\src\\main\\java\\Point.java:10:28: 'y' hides a field. [HiddenField]\r\nCheckstyle rule violations were found. See the report at: file:///C:/Users/luetma00/workspaces/teaching/programmieren/egp/exercises/uebung5/code/build/reports/checkstyle/relentlessCheckstyle.html\nCheckstyle files with violations: 2\nCheckstyle violations by severity: [error:10]\n\r\n:test\r\n\r\nHistogramTests > testFindsCorrectMax PASSED\r\n\r\nHistogramTests > testFindsCorrectMinMax PASSED\r\n\r\nHistogramTests > testHistogramRetainsValues PASSED\r\n\r\nHistogramTests > testFindsCorrectNumberOfEntriesPerBin PASSED\r\n\r\nHistogramTests > testComputesCorrectBinSize PASSED\r\n\r\nPointTests > testPointRetainsCoordinates PASSED\r\n"}